{"time": 0.6284840106964111, "alignment": ["37 35", "39 37", "50 45", "54 49", "64 59", "72 70", "76 74", "86 84", "94 95", "110 105", "112 107", "123 115", "127 119", "137 129", "145 140", "149 144", "159 154", "167 165", "171 173", "181 179", "359 198", "361 200", "372 208", "376 216", "386 222", "394 233", "398 237", "408 247", "416 258", "420 266", "426 272", "432 290", "434 292", "445 300", "449 304", "459 314", "467 325", "483 335", "485 337"], "symb_wrong": 113, "symb_correct": 84, "loc_wrong": 25, "loc_correct": 28, "precision": 0.8461538461538461, "recall": 0.8461538461538461, "f_score": 0.8461538461538461, "not_aligned": ["54 53", "76 78", "127 123", "149 148", "398 241", "449 308"], "false_aligned": ["54 49", "76 74", "127 119", "149 144", "398 237", "449 304"], "feedback": "Should not\nsrc: 12: \t    for (int i = 1; i<=test ; i++){\tvalue: i=4, i=3\texecution: 5th\nsrc: 12: \t    for (int i = 1; i<=test ; i++){\tvalue: 1\texecution: 7th\n* Should have take anthor branch.\nsrc: 13: \t        if (n >= nmax){\tvalue: 1\texecution: 7th\n* Should have take anthor branch.\nsrc: 14: \t            n = n -nmax;\tvalue: n=60, n=70('F'), nmax=10\texecution: 6th\nsrc: 16: \t            nf += (nmax*nmax);\tvalue: nf=400, nf=300, nmax=10, nmax=10\texecution: 6th\nsrc: 19: \t            nf+= n*n;\tvalue: nf=1000, nf=1000, n=0, n=0\texecution: 2th\n\nShould print\nWhen '23: \t    printf(\"%ld\\n\", nf);' at 2th execution, you should have output 300, instead of 1000.0."}