{"time": 0.06327962875366211, "alignment": ["20 23", "24 27", "29 42", "33 46", "38 61", "42 65", "47 80", "51 84", "56 126", "60 130", "65 172", "69 176", "74 257", "78 261", "83 342", "87 346", "92 478", "96 482", "101 614", "105 618", "110 813", "114 817", "119 1012", "123 1016"], "symb_wrong": 25, "symb_correct": 268, "loc_wrong": 16, "loc_correct": 30, "precision": 0.9583333333333334, "recall": 0.9583333333333334, "f_score": 0.9583333333333334, "not_aligned": ["29 31"], "false_aligned": ["29 42"], "feedback": "\nShould have\nsrc: 16: \t    count=0;\tvalue: count=0\texecution: 1th\n\nShould print\nWhen '14: \t  printf(\"%d\\n\",(b*b)/16);' at 1th execution, you should have output 0, instead of 7."}