{"time": 0.8362812995910645, "alignment": ["23 25", "28 33", "32 39", "35 42", "38 45", "41 48", "45 54", "48 57", "51 60", "55 66", "58 69", "61 72", "64 75", "68 81", "71 84", "74 87", "78 93", "81 96", "84 99", "87 102", "91 108", "94 111", "97 114", "100 117", "109 125", "114 133", "118 139", "121 142", "124 145", "128 151", "131 154", "134 157", "138 163", "141 166", "144 169", "153 177", "158 185", "162 191", "168 197", "171 200", "175 206", "178 209", "181 212", "185 218", "188 221", "191 224", "195 230", "198 233", "201 236", "210 244", "215 252", "219 258", "222 261", "225 264", "229 270", "235 276", "238 279", "247 287", "252 295", "256 301", "259 304", "262 307", "266 313", "269 316", "272 319", "281 327"], "symb_wrong": 79, "symb_correct": 111, "loc_wrong": 18, "loc_correct": 19, "precision": 1.0, "recall": 1.0, "f_score": 1.0, "not_aligned": [], "false_aligned": [], "feedback": "Should not\nsrc: 15:         t--;\tvalue: t=4, t=5\texecution: 1th\n\nShould have\nsrc: 8: \t   int num=0, ct=0, rem=0;\tvalue: ct=0\texecution: 2th\n\nShould print\nWhen '14:         printf(\"%d\\n\",c);' at 2th execution, you should have output 0, instead of 4."}