{"time": 0.055719852447509766, "alignment": ["48 58", "52 62", "72 82", "76 86", "80 98", "86 104", "101 111", "107 117", "113 127", "118 132", "125 139", "127 141", "27 37", "29 39", "37 47", "42 52", "61 71", "66 76", "36 46", "55 65", "58 68", "79 89"], "symb_wrong": 25, "symb_correct": 27, "loc_wrong": 33, "loc_correct": 39, "precision": 1.0, "recall": 1.0, "f_score": 1.0, "not_aligned": [], "false_aligned": [], "feedback": "Should not\nsrc: 27:                     sum += a[0] * a[i] * 2 % MOD;\tvalue: sum=0, a[i]=2, i=1\texecution: 1th\nsrc: 28:             sum %= MOD;\tvalue: \texecution: 2th\n\nShould have\nsrc: 31:                     tmp = (tmp << 1) % MOD;\tvalue: tmp=4, tmp=2\texecution: 1th\nsrc: 32:                 sum += tmp;\tvalue: sum=4, sum=0, tmp=4\texecution: 1th\nsrc: 34:             sum %= MOD;\tvalue: sum=4, sum=4\texecution: 2th\n\nShould print\nWhen '30:         printf(\"%d\\n\", sum);' at 1th execution, you should have output 4.0, instead of 230004413."}