{"time": 0.12586355209350586, "alignment": ["150 163", "154 167", "168 186", "172 190", "181 199", "185 203", "194 212", "198 216", "207 225", "211 229", "214 232", "218 236", "227 245", "231 249", "240 258", "244 262", "253 271", "257 275", "266 284", "270 288", "275 293", "27 40", "30 43", "34 47", "60 73", "64 77", "90 103", "94 107", "120 133", "124 137", "155 296", "159 40", "48 61", "57 70", "78 91", "87 100", "108 121", "117 130", "138 151", "147 160"], "symb_wrong": 51, "symb_correct": 54, "loc_wrong": 32, "loc_correct": 34, "precision": 0.95, "recall": 0.926829268292683, "f_score": 0.9382716049382716, "not_aligned": ["155 173", "159 177", "278 296"], "false_aligned": ["155 296", "159 40"], "feedback": "\nShould have\nsrc: 9:     int t, casenum = 1;\tvalue: casenum=1\texecution: 1th\n\nShould print\nWhen '23:             printf (\"%d \", a[i]);' at 1th execution, you should have output 1, instead of 5."}