{"time": 0.0211484432220459, "alignment": ["21 22", "23 24", "32 98", "34 100", "43 138", "45 140", "54 90", "56 92"], "symb_wrong": 11, "symb_correct": 64, "loc_wrong": 12, "loc_correct": 24, "precision": 1.0, "recall": 1.0, "f_score": 1.0, "not_aligned": [], "false_aligned": [], "feedback": "\nShould have\nsrc: 11:         while(k--)\tvalue: k=4, k=5\texecution: 1th\nsrc: 11:         while(k--)\tvalue: 1\texecution: 1th\n* Should have take anthor branch.\nsrc: 10:         int c=0;\tvalue: c=0\texecution: 2th\nsrc: 13:             if((k)%2==0)\tvalue: 0\texecution: 6th\nsrc: 19:                 c--;\tvalue: c=0\texecution: 3th\nsrc: 15:                 c+=3;\tvalue: c=2\texecution: 4th\n\nShould print\nWhen '10:         printf(\"%d\\n\",k+2);' at 2th execution, you should have output 2, instead of 4."}