{"time": 0.18330669403076172, "alignment": ["74 81", "78 85", "127 134", "131 138", "133 140", "137 144", "138 145", "142 149", "162 166", "175 179", "179 183", "192 196", "196 200", "209 213", "213 217", "216 220", "220 224", "221 225", "225 229", "238 242", "242 246", "262 263", "275 276", "279 280", "292 293", "296 297", "299 300", "303 304", "304 305", "308 309", "325 329", "338 342", "342 346", "362 363", "375 376", "379 380", "382 383", "386 387", "393 394", "395 396", "27 34", "29 36", "38 45", "42 49", "50 57", "54 61", "62 69", "66 73", "79 86", "83 90", "91 98", "95 102", "103 110", "107 114", "115 122", "119 126", "172 176", "189 193", "206 210", "235 239", "272 273", "289 290", "335 339", "372 373"], "symb_wrong": 77, "symb_correct": 75, "loc_wrong": 41, "loc_correct": 31, "precision": 0.875, "recall": 0.9180327868852459, "f_score": 0.8959999999999999, "not_aligned": ["132 139", "158 162", "258 259", "321 325", "358 359"], "false_aligned": ["172 176", "189 193", "206 210", "235 239", "272 273", "289 290", "335 339", "372 373"], "feedback": "Should not\nsrc: 32: \t\t\t\tif(a[i]==a[j])\tvalue: 1\texecution: 11th\n* Should have take anthor branch.\nsrc: 34: \t\t\t\t\tk++;\tvalue: k=3, k=2\texecution: 3th\n\nShould have\nsrc: 24:                 if(a[j]==b[k])\tvalue: 1\texecution: 9th\n* Should have take anthor branch.\nsrc: 25:                     count++;\tvalue: count=1, count=0\texecution: 1th\n\nShould print\nWhen '39: \t\tprintf(\"%d\",k);' at 1th execution, you should have output 1, instead of 3."}