{"time": 0.31198549270629883, "alignment": ["26 28", "28 30", "34 36", "40 41", "46 50", "49 53", "58 53", "64 62", "67 65", "75 101", "77 103", "83 109", "85 111", "88 114", "97 114", "103 123", "106 126", "115 138", "120 161", "122 163", "128 169", "130 171", "133 174", "142 174", "148 183", "151 186", "160 186", "166 195", "169 198", "178 210", "183 246", "185 248"], "symb_wrong": 54, "symb_correct": 74, "loc_wrong": 29, "loc_correct": 44, "precision": 1.0, "recall": 1.0, "f_score": 1.0, "not_aligned": [], "false_aligned": [], "feedback": "Should not\nsrc: 13:          for(int i=n-1;i>0;i--)\tvalue: i=3, n=4\texecution: 1th\n\nShould have\nsrc: 14:           for(int i=n;i>1;i--)\tvalue: i=4, n=4\texecution: 1th\n\nShould print\nWhen '15:              printf(\"%d \",i);' at 1th execution, you should have output 4, instead of 3."}