{"time": 0.19925189018249512, "alignment": ["81 99", "85 103", "88 111", "92 115", "99 134", "103 138", "110 157", "114 161", "117 164", "121 168", "131 181", "161 214", "165 218", "173 254", "177 258", "193 274", "201 293", "209 312", "33 35", "37 39", "45 51", "49 55", "57 67", "61 71", "69 83", "73 87", "87 110", "96 131", "107 154", "125 172", "127 174", "170 245", "184 265", "190 271"], "symb_wrong": 43, "symb_correct": 55, "loc_wrong": 33, "loc_correct": 47, "precision": 0.9705882352941176, "recall": 0.868421052631579, "f_score": 0.9166666666666667, "not_aligned": ["144 177", "148 181", "158 211", "198 287", "206 306"], "false_aligned": ["131 181"], "feedback": "Should not\nsrc: 27: \tfor(i=b[n-1];i>=0;i=b[i]) ;\tvalue: i=-1, b[i]=-1, i=0\texecution: 2th\nsrc: 28: \t{ p *= a[i];\tvalue: p=-4, p=4, a[i]=-1, i=-1\texecution: 1th\nsrc: 29: \t    p %=1000000007L;\tvalue: p=-4, p=-4\texecution: 1th\n\nShould have\nsrc: 42: \t{ p *= a[i];\tvalue: p=8, p=8, a[i]=1, i=0\texecution: 2th\nsrc: 44: \t  p %= N;\tvalue: p=8, p=8\texecution: 2th\n\nShould print\nWhen '32: \tprintf(\"%lld\",p);' at 1th execution, you should have output 8.0, instead of -4.0."}