{"time": 0.2966294288635254, "alignment": ["49 36", "51 40", "57 52", "61 58", "90 63", "92 67", "98 77", "108 89", "117 100", "119 104", "125 114", "152 123"], "symb_wrong": 25, "symb_correct": 21, "loc_wrong": 24, "loc_correct": 18, "precision": 1.0, "recall": 1.0, "f_score": 1.0, "not_aligned": [], "false_aligned": [], "feedback": "Should not\nsrc: 16:         if(a==x || b==y){\tvalue: 0\texecution: 1th\nsrc: 16:         if(a==x || b==y){\tvalue: 0\texecution: 1th\n\nShould print\nWhen '20:             printf(\"%d\\n\",(x-a)+1);' at 1th execution, you should have output 1, instead of 8."}