[
{"src1": "while(T--){", "src2": "while(t--)", "similarity": 1},
{"src1": "unsigned long long int rd_t[N],t=999999999999999999,gcd,lcm,rstt;", "src2": "unsigned long long a[n], min=999999999999999999, lcm;", "similarity": 1},
{"src1": "for(i=0;i<N;i++)", "src2": "for(i=0; i<n; i++)", "similarity": 1},
{"src1": "for(i=0;i<N;i++){", "src2": "for(i=0; i<n; i++)", "similarity": 1},
{"src1": "for(j=i+1;j<N;j++){", "src2": "for(j=i+1; j<n; j++)", "similarity": 1},
{"src1": "if(rd_t[i]<t && rd_t[j]<t){", "src2": "if(a[i]>min||a[j]>min) continue;", "similarity": 1},
{"src1": "if(b==0) return a;", "src2": "if(b==0)", "similarity": 1},
{"src1": "gcd=hcf(rd_t[i],rd_t[j]);", "src2": "return hcf(b, a%b);", "similarity": 1},
{"src1": "while(t--)", "src2": "while(t--)", "similarity": 1},
{"src1": "for(i=0;i<n;i++)", "src2": "for(i=0;i<n;i++)", "similarity": 1},
{"src1": "for(j=i+1;j<n;j++)", "src2": "for(j=i+1;j<n;j++)", "similarity": 1},
{"src1": "if(y==0)", "src2": "if(b==0)", "similarity": 1},
{"src1": "return x;", "src2": "return a;", "similarity": 1},
{"src1": "return(gcd(y,(x%y)));", "src2": "return gcd(b,a%b);", "similarity": 1},
{"src1": "lcm=(a[i]*a[j])/gcd(a[i],a[j]);", "src2": "long long int b=(a[i]*a[j]/gcd(a[i],a[j]));", "similarity": 1},
{"src1": "while(t--)", "src2": "while(t--)", "similarity": 1},
{"src1": "for(int i=0;i<n;i++)", "src2": "for(i=0; i<n; i++)", "similarity": 1},
{"src1": "int max=0;", "src2": "for(i=0; i<n-1; i++)", "similarity": 1},
{"src1": "for(int j=0;j<n;j++)", "src2": "for(i=0; i<n-1; i++)", "similarity": 1},
{"src1": "for(int k=j+1;k<n;k++)", "src2": "for(j=i+1; j<n; j++)", "similarity": 1},
{"src1": "if(a==0)", "src2": "if(a == 0)", "similarity": 1},
{"src1": "return b;", "src2": "return b;", "similarity": 1},
{"src1": "return gcd(b%a,a);", "src2": "return gcd(b%a, a);", "similarity": 1},
{"src1": "if(\tgcd(a[j],a[k])>max)", "src2": "if((a[i]*a[j])/gcd(a[i], a[j]) < min)", "similarity": 1}
]