{"time": 0.15954041481018066, "alignment": ["23 28", "25 30", "32 36", "39 40", "61 106", "63 108", "70 68", "77 72", "90 80", "93 88", "115 136", "117 138", "131 148", "140 160", "147 164", "153 182", "155 184"], "symb_wrong": 46, "symb_correct": 42, "loc_wrong": 22, "loc_correct": 21, "precision": 1.0, "recall": 1.0, "f_score": 1.0, "not_aligned": [], "false_aligned": [], "feedback": "Should not\nsrc: 13:             n=n-i;\tvalue: n=0, n=1, i=1\texecution: 1th\nsrc: 12:         for(int i=1;i>0;i++){\tvalue: i=1\texecution: 2th\nsrc: 17:             count++;\tvalue: count=1, count=0\texecution: 4th\n\nShould have\nsrc: 13: \tif(a<b)\tvalue: 1\texecution: 1th\nsrc: 9: while(a!=b)\tvalue: 1\texecution: 2th\n* Should have take anthor branch.\nsrc: 12: \t\ta=a-b;\tvalue: a=2, a=4, b=2\texecution: 1th\n\nShould print\nWhen '19:         printf(\"%d\\n\",count);' at 3th execution, you should have output 2, instead of 1."}