{"time": 0.6907403469085693, "alignment": ["68 52", "70 54", "75 59", "78 72", "101 90", "103 92", "108 97", "111 100", "134 128", "136 130", "141 135", "144 138", "167 166", "169 168", "174 173", "177 176", "200 207", "202 209", "207 214", "210 217", "233 248", "235 250", "240 255", "243 258", "266 289", "268 291", "273 296", "276 299", "299 327", "301 329", "306 334", "309 358", "335 368", "337 370", "342 375", "345 388", "368 406", "370 408", "375 413", "378 416", "401 444", "403 446", "408 451", "411 454", "434 482", "436 484"], "symb_wrong": 69, "symb_correct": 138, "loc_wrong": 26, "loc_correct": 47, "precision": 0.782608695652174, "recall": 1.0, "f_score": 0.878048780487805, "not_aligned": [], "false_aligned": ["78 72", "111 100", "144 138", "177 176", "210 217", "243 258", "276 299", "345 388", "378 416", "411 454"], "feedback": "\nShould have\nsrc: 16:         if(c==1||c==4)\tvalue: 1\texecution: 1th\n* Should have take anthor branch.\nsrc: 18:             if(c==1)\tvalue: 1\texecution: 1th\n\nShould print\nWhen '24: \t\tprintf(\"%d = %d%s\\n\", n, map[x]+(n-x), berth[i]);' at 1th execution, you should have output 4, instead of 1."}