[{"version":"0.1","language":"NEWC","_label":"META_DATA","overlays":["base","controlflow","typerel","callgraph","dataflowOss"],"root":"/home/hth/Desktop/c.c","id":1},{"name":"<global>","fullName":"<global>","code":"<empty>","_label":"NAMESPACE_BLOCK","id":2,"order":1,"filename":"<unknown>"},{"name":"stdio.h","version":"include","id":3,"dependencyGroupId":"stdio.h","_label":"DEPENDENCY"},{"importedAs":"stdio.h","code":"#include <stdio.h>","columnNumber":1,"order":1,"importedEntity":"stdio.h","_label":"IMPORT","lineNumber":1,"id":4},{"name":"<global>","fullName":"c.c:<global>","code":"<empty>","_label":"NAMESPACE_BLOCK","id":5,"order":1,"filename":"c.c"},{"inheritsFromTypeFullName":[],"name":"<global>","astParentFullName":"c.c:<global>","fullName":"c.c:<global>","astParentType":"NAMESPACE_BLOCK","columnNumber":1,"_label":"TYPE_DECL","code":"<global>","isExternal":false,"lineNumber":1,"id":6,"order":2,"filename":"c.c"},{"name":"<global>","astParentFullName":"c.c:<global>","fullName":"c.c:<global>","signature":"","astParentType":"TYPE_DECL","lineNumberEnd":36,"_label":"METHOD","columnNumberEnd":1,"code":"<global>","isExternal":false,"lineNumber":1,"id":7,"columnNumber":1,"order":1,"filename":"c.c"},{"dynamicTypeHintFullName":[],"code":"<empty>","typeFullName":"ANY","columnNumber":1,"order":1,"_label":"BLOCK","lineNumber":1,"id":8,"possibleTypes":[],"argumentIndex":-1},{"name":"main","astParentFullName":"c.c:<global>","fullName":"main","signature":"int main (void)","astParentType":"TYPE_DECL","lineNumberEnd":36,"_label":"METHOD","columnNumberEnd":1,"code":"int main(void) {\n\t// your code goes here\n\tint t, i,j,n, cnt,m;\n\tscanf(\"%d\",&t);\n\tfor(i=0;i<t;i++)\n\t{\n\t    scanf(\"%d\",&n);\n\t    int arr[n],b[n];\n\t    for(j=0;j<n;j++)\n\t    {\n\t        scanf(\"%d\",&arr[j]);\n\t    }\n\t    for(m=0;m<n;m++)\n\t    {\n\t        cnt=0;\n\t        for(j=0;j<n;j++)\n\t        {\n\t            if(arr[m]==arr[j])\n\t              cnt++;\n\t        }\n\t        b[m]=cnt;\n\t    }\n\t    for(m=0;m<n;m++)\n\t    {\n\t        if((b[m]%2)!=0)\n\t        {\n\t          printf(\"%d\\n\",arr[m]);\n\t          break;\n\t        }\n\t    }\n\n\t}\n\treturn 0;\n}","isExternal":false,"lineNumber":3,"id":9,"columnNumber":1,"order":1,"filename":"c.c"},{"dynamicTypeHintFullName":[],"name":"","evaluationStrategy":"BY_VALUE","isVariadic":false,"typeFullName":"void","columnNumber":10,"order":1,"_label":"METHOD_PARAMETER_IN","possibleTypes":[],"index":1,"code":"void","lineNumber":3,"id":10},{"dynamicTypeHintFullName":[],"code":"{\n\t// your code goes here\n\tint t, i,j,n, cnt,m;\n\tscanf(\"%d\",&t);\n\tfor(i=0;i<t;i++)\n\t{\n\t    scanf(\"%d\",&n);\n\t    int arr[n],b[n];\n\t    for(j=0;j<n;j++)\n\t    {\n\t        scanf(\"%d\",&arr[j]);\n\t    }\n\t    for(m=0;m<n;m++)\n\t    {\n\t        cnt=0;\n\t        for(j=0;j<n;j++)\n\t        {\n\t            if(arr[m]==arr[j])\n\t              cnt++;\n\t        }\n\t        b[m]=cnt;\n\t    }\n\t    for(m=0;m<n;m++)\n\t    {\n\t        if((b[m]%2)!=0)\n\t        {\n\t          printf(\"%d\\n\",arr[m]);\n\t          break;\n\t        }\n\t    }\n\n\t}\n\treturn 0;\n}","typeFullName":"void","columnNumber":16,"order":2,"_label":"BLOCK","lineNumber":3,"id":11,"possibleTypes":[],"argumentIndex":-1},{"dynamicTypeHintFullName":[],"name":"t","typeFullName":"int","columnNumber":6,"order":1,"_label":"LOCAL","possibleTypes":[],"code":"int t","lineNumber":5,"id":12},{"dynamicTypeHintFullName":[],"name":"i","typeFullName":"int","columnNumber":9,"order":2,"_label":"LOCAL","possibleTypes":[],"code":"int i","lineNumber":5,"id":13},{"dynamicTypeHintFullName":[],"name":"j","typeFullName":"int","columnNumber":11,"order":3,"_label":"LOCAL","possibleTypes":[],"code":"int j","lineNumber":5,"id":14},{"dynamicTypeHintFullName":[],"name":"n","typeFullName":"int","columnNumber":13,"order":4,"_label":"LOCAL","possibleTypes":[],"code":"int n","lineNumber":5,"id":15},{"dynamicTypeHintFullName":[],"name":"cnt","typeFullName":"int","columnNumber":16,"order":5,"_label":"LOCAL","possibleTypes":[],"code":"int cnt","lineNumber":5,"id":16},{"dynamicTypeHintFullName":[],"name":"m","typeFullName":"int","columnNumber":20,"order":6,"_label":"LOCAL","possibleTypes":[],"code":"int m","lineNumber":5,"id":17},{"name":"scanf","signature":"","code":"scanf(\"%d\",&t)","typeFullName":"<empty>","columnNumber":2,"order":7,"methodFullName":"scanf","_label":"CALL","dynamicTypeHintFullName":[],"dispatchType":"STATIC_DISPATCH","lineNumber":6,"id":18,"possibleTypes":[],"argumentIndex":-1},{"dynamicTypeHintFullName":[],"code":"\"%d\"","typeFullName":"char","columnNumber":8,"order":1,"_label":"LITERAL","lineNumber":6,"id":19,"possibleTypes":[],"argumentIndex":1},{"name":"<operator>.addressOf","signature":"","code":"&t","typeFullName":"<empty>","columnNumber":13,"order":2,"methodFullName":"<operator>.addressOf","_label":"CALL","dynamicTypeHintFullName":[],"dispatchType":"STATIC_DISPATCH","lineNumber":6,"id":20,"possibleTypes":[],"argumentIndex":2},{"dynamicTypeHintFullName":[],"name":"t","code":"t","typeFullName":"int","columnNumber":14,"order":1,"_label":"IDENTIFIER","lineNumber":6,"id":21,"possibleTypes":[],"argumentIndex":1},{"parserTypeName":"CASTForStatement","code":"for (i=0;i<t;i++)","columnNumber":2,"order":8,"controlStructureType":"FOR","_label":"CONTROL_STRUCTURE","argumentIndex":-1,"lineNumber":7,"id":22},{"dynamicTypeHintFullName":[],"code":"<empty>","typeFullName":"void","columnNumber":2,"order":1,"_label":"BLOCK","lineNumber":7,"id":23,"possibleTypes":[],"argumentIndex":-1},{"name":"<operator>.assignment","signature":"","code":"i=0","typeFullName":"<empty>","columnNumber":6,"order":1,"methodFullName":"<operator>.assignment","_label":"CALL","dynamicTypeHintFullName":[],"dispatchType":"STATIC_DISPATCH","lineNumber":7,"id":24,"possibleTypes":[],"argumentIndex":-1},{"dynamicTypeHintFullName":[],"name":"i","code":"i","typeFullName":"int","columnNumber":6,"order":1,"_label":"IDENTIFIER","lineNumber":7,"id":25,"possibleTypes":[],"argumentIndex":1},{"dynamicTypeHintFullName":[],"code":"0","typeFullName":"int","columnNumber":8,"order":2,"_label":"LITERAL","lineNumber":7,"id":26,"possibleTypes":[],"argumentIndex":2},{"name":"<operator>.lessThan","signature":"","code":"i<t","typeFullName":"<empty>","columnNumber":10,"order":2,"methodFullName":"<operator>.lessThan","_label":"CALL","dynamicTypeHintFullName":[],"dispatchType":"STATIC_DISPATCH","lineNumber":7,"id":27,"possibleTypes":[],"argumentIndex":2},{"dynamicTypeHintFullName":[],"name":"i","code":"i","typeFullName":"int","columnNumber":10,"order":1,"_label":"IDENTIFIER","lineNumber":7,"id":28,"possibleTypes":[],"argumentIndex":1},{"dynamicTypeHintFullName":[],"name":"t","code":"t","typeFullName":"int","columnNumber":12,"order":2,"_label":"IDENTIFIER","lineNumber":7,"id":29,"possibleTypes":[],"argumentIndex":2},{"name":"<operator>.postIncrement","signature":"","code":"i++","typeFullName":"<empty>","columnNumber":14,"order":3,"methodFullName":"<operator>.postIncrement","_label":"CALL","dynamicTypeHintFullName":[],"dispatchType":"STATIC_DISPATCH","lineNumber":7,"id":30,"possibleTypes":[],"argumentIndex":3},{"dynamicTypeHintFullName":[],"name":"i","code":"i","typeFullName":"int","columnNumber":14,"order":1,"_label":"IDENTIFIER","lineNumber":7,"id":31,"possibleTypes":[],"argumentIndex":1},{"dynamicTypeHintFullName":[],"code":"{\n\t    scanf(\"%d\",&n);\n\t    int arr[n],b[n];\n\t    for(j=0;j<n;j++)\n\t    {\n\t        scanf(\"%d\",&arr[j]);\n\t    }\n\t    for(m=0;m<n;m++)\n\t    {\n\t        cnt=0;\n\t        for(j=0;j<n;j++)\n\t        {\n\t            if(arr[m]==arr[j])\n\t              cnt++;\n\t        }\n\t        b[m]=cnt;\n\t    }\n\t    for(m=0;m<n;m++)\n\t    {\n\t        if((b[m]%2)!=0)\n\t        {\n\t          printf(\"%d\\n\",arr[m]);\n\t          break;\n\t        }\n\t    }\n\n\t}","typeFullName":"void","columnNumber":2,"order":4,"_label":"BLOCK","lineNumber":8,"id":32,"possibleTypes":[],"argumentIndex":4},{"name":"scanf","signature":"","code":"scanf(\"%d\",&n)","typeFullName":"<empty>","columnNumber":6,"order":1,"methodFullName":"scanf","_label":"CALL","dynamicTypeHintFullName":[],"dispatchType":"STATIC_DISPATCH","lineNumber":9,"id":33,"possibleTypes":[],"argumentIndex":-1},{"dynamicTypeHintFullName":[],"code":"\"%d\"","typeFullName":"char","columnNumber":12,"order":1,"_label":"LITERAL","lineNumber":9,"id":34,"possibleTypes":[],"argumentIndex":1},{"name":"<operator>.addressOf","signature":"","code":"&n","typeFullName":"<empty>","columnNumber":17,"order":2,"methodFullName":"<operator>.addressOf","_label":"CALL","dynamicTypeHintFullName":[],"dispatchType":"STATIC_DISPATCH","lineNumber":9,"id":35,"possibleTypes":[],"argumentIndex":2},{"dynamicTypeHintFullName":[],"name":"n","code":"n","typeFullName":"int","columnNumber":18,"order":1,"_label":"IDENTIFIER","lineNumber":9,"id":36,"possibleTypes":[],"argumentIndex":1},{"dynamicTypeHintFullName":[],"name":"arr","typeFullName":"int[]","columnNumber":10,"order":2,"_label":"LOCAL","possibleTypes":[],"code":"int[] arr","lineNumber":10,"id":37},{"dynamicTypeHintFullName":[],"name":"b","typeFullName":"int[]","columnNumber":17,"order":3,"_label":"LOCAL","possibleTypes":[],"code":"int[] b","lineNumber":10,"id":38},{"parserTypeName":"CASTForStatement","code":"for (j=0;j<n;j++)","columnNumber":6,"order":4,"controlStructureType":"FOR","_label":"CONTROL_STRUCTURE","argumentIndex":-1,"lineNumber":11,"id":39},{"dynamicTypeHintFullName":[],"code":"<empty>","typeFullName":"void","columnNumber":6,"order":1,"_label":"BLOCK","lineNumber":11,"id":40,"possibleTypes":[],"argumentIndex":-1},{"name":"<operator>.assignment","signature":"","code":"j=0","typeFullName":"<empty>","columnNumber":10,"order":1,"methodFullName":"<operator>.assignment","_label":"CALL","dynamicTypeHintFullName":[],"dispatchType":"STATIC_DISPATCH","lineNumber":11,"id":41,"possibleTypes":[],"argumentIndex":-1},{"dynamicTypeHintFullName":[],"name":"j","code":"j","typeFullName":"int","columnNumber":10,"order":1,"_label":"IDENTIFIER","lineNumber":11,"id":42,"possibleTypes":[],"argumentIndex":1},{"dynamicTypeHintFullName":[],"code":"0","typeFullName":"int","columnNumber":12,"order":2,"_label":"LITERAL","lineNumber":11,"id":43,"possibleTypes":[],"argumentIndex":2},{"name":"<operator>.lessThan","signature":"","code":"j<n","typeFullName":"<empty>","columnNumber":14,"order":2,"methodFullName":"<operator>.lessThan","_label":"CALL","dynamicTypeHintFullName":[],"dispatchType":"STATIC_DISPATCH","lineNumber":11,"id":44,"possibleTypes":[],"argumentIndex":2},{"dynamicTypeHintFullName":[],"name":"j","code":"j","typeFullName":"int","columnNumber":14,"order":1,"_label":"IDENTIFIER","lineNumber":11,"id":45,"possibleTypes":[],"argumentIndex":1},{"dynamicTypeHintFullName":[],"name":"n","code":"n","typeFullName":"int","columnNumber":16,"order":2,"_label":"IDENTIFIER","lineNumber":11,"id":46,"possibleTypes":[],"argumentIndex":2},{"name":"<operator>.postIncrement","signature":"","code":"j++","typeFullName":"<empty>","columnNumber":18,"order":3,"methodFullName":"<operator>.postIncrement","_label":"CALL","dynamicTypeHintFullName":[],"dispatchType":"STATIC_DISPATCH","lineNumber":11,"id":47,"possibleTypes":[],"argumentIndex":3},{"dynamicTypeHintFullName":[],"name":"j","code":"j","typeFullName":"int","columnNumber":18,"order":1,"_label":"IDENTIFIER","lineNumber":11,"id":48,"possibleTypes":[],"argumentIndex":1},{"dynamicTypeHintFullName":[],"code":"{\n\t        scanf(\"%d\",&arr[j]);\n\t    }","typeFullName":"void","columnNumber":6,"order":4,"_label":"BLOCK","lineNumber":12,"id":49,"possibleTypes":[],"argumentIndex":4},{"name":"scanf","signature":"","code":"scanf(\"%d\",&arr[j])","typeFullName":"<empty>","columnNumber":10,"order":1,"methodFullName":"scanf","_label":"CALL","dynamicTypeHintFullName":[],"dispatchType":"STATIC_DISPATCH","lineNumber":13,"id":50,"possibleTypes":[],"argumentIndex":-1},{"dynamicTypeHintFullName":[],"code":"\"%d\"","typeFullName":"char","columnNumber":16,"order":1,"_label":"LITERAL","lineNumber":13,"id":51,"possibleTypes":[],"argumentIndex":1},{"name":"<operator>.addressOf","signature":"","code":"&arr[j]","typeFullName":"<empty>","columnNumber":21,"order":2,"methodFullName":"<operator>.addressOf","_label":"CALL","dynamicTypeHintFullName":[],"dispatchType":"STATIC_DISPATCH","lineNumber":13,"id":52,"possibleTypes":[],"argumentIndex":2},{"name":"<operator>.indirectIndexAccess","signature":"","code":"arr[j]","typeFullName":"<empty>","columnNumber":22,"order":1,"methodFullName":"<operator>.indirectIndexAccess","_label":"CALL","dynamicTypeHintFullName":[],"dispatchType":"STATIC_DISPATCH","lineNumber":13,"id":53,"possibleTypes":[],"argumentIndex":1},{"dynamicTypeHintFullName":[],"name":"arr","code":"arr","typeFullName":"int[]","columnNumber":22,"order":1,"_label":"IDENTIFIER","lineNumber":13,"id":54,"possibleTypes":[],"argumentIndex":1},{"dynamicTypeHintFullName":[],"name":"j","code":"j","typeFullName":"int","columnNumber":26,"order":2,"_label":"IDENTIFIER","lineNumber":13,"id":55,"possibleTypes":[],"argumentIndex":2},{"parserTypeName":"CASTForStatement","code":"for (m=0;m<n;m++)","columnNumber":6,"order":5,"controlStructureType":"FOR","_label":"CONTROL_STRUCTURE","argumentIndex":-1,"lineNumber":15,"id":56},{"dynamicTypeHintFullName":[],"code":"<empty>","typeFullName":"void","columnNumber":6,"order":1,"_label":"BLOCK","lineNumber":15,"id":57,"possibleTypes":[],"argumentIndex":-1},{"name":"<operator>.assignment","signature":"","code":"m=0","typeFullName":"<empty>","columnNumber":10,"order":1,"methodFullName":"<operator>.assignment","_label":"CALL","dynamicTypeHintFullName":[],"dispatchType":"STATIC_DISPATCH","lineNumber":15,"id":58,"possibleTypes":[],"argumentIndex":-1},{"dynamicTypeHintFullName":[],"name":"m","code":"m","typeFullName":"int","columnNumber":10,"order":1,"_label":"IDENTIFIER","lineNumber":15,"id":59,"possibleTypes":[],"argumentIndex":1},{"dynamicTypeHintFullName":[],"code":"0","typeFullName":"int","columnNumber":12,"order":2,"_label":"LITERAL","lineNumber":15,"id":60,"possibleTypes":[],"argumentIndex":2},{"name":"<operator>.lessThan","signature":"","code":"m<n","typeFullName":"<empty>","columnNumber":14,"order":2,"methodFullName":"<operator>.lessThan","_label":"CALL","dynamicTypeHintFullName":[],"dispatchType":"STATIC_DISPATCH","lineNumber":15,"id":61,"possibleTypes":[],"argumentIndex":2},{"dynamicTypeHintFullName":[],"name":"m","code":"m","typeFullName":"int","columnNumber":14,"order":1,"_label":"IDENTIFIER","lineNumber":15,"id":62,"possibleTypes":[],"argumentIndex":1},{"dynamicTypeHintFullName":[],"name":"n","code":"n","typeFullName":"int","columnNumber":16,"order":2,"_label":"IDENTIFIER","lineNumber":15,"id":63,"possibleTypes":[],"argumentIndex":2},{"name":"<operator>.postIncrement","signature":"","code":"m++","typeFullName":"<empty>","columnNumber":18,"order":3,"methodFullName":"<operator>.postIncrement","_label":"CALL","dynamicTypeHintFullName":[],"dispatchType":"STATIC_DISPATCH","lineNumber":15,"id":64,"possibleTypes":[],"argumentIndex":3},{"dynamicTypeHintFullName":[],"name":"m","code":"m","typeFullName":"int","columnNumber":18,"order":1,"_label":"IDENTIFIER","lineNumber":15,"id":65,"possibleTypes":[],"argumentIndex":1},{"dynamicTypeHintFullName":[],"code":"{\n\t        cnt=0;\n\t        for(j=0;j<n;j++)\n\t        {\n\t            if(arr[m]==arr[j])\n\t              cnt++;\n\t        }\n\t        b[m]=cnt;\n\t    }","typeFullName":"void","columnNumber":6,"order":4,"_label":"BLOCK","lineNumber":16,"id":66,"possibleTypes":[],"argumentIndex":4},{"name":"<operator>.assignment","signature":"","code":"cnt=0","typeFullName":"<empty>","columnNumber":10,"order":1,"methodFullName":"<operator>.assignment","_label":"CALL","dynamicTypeHintFullName":[],"dispatchType":"STATIC_DISPATCH","lineNumber":17,"id":67,"possibleTypes":[],"argumentIndex":-1},{"dynamicTypeHintFullName":[],"name":"cnt","code":"cnt","typeFullName":"int","columnNumber":10,"order":1,"_label":"IDENTIFIER","lineNumber":17,"id":68,"possibleTypes":[],"argumentIndex":1},{"dynamicTypeHintFullName":[],"code":"0","typeFullName":"int","columnNumber":14,"order":2,"_label":"LITERAL","lineNumber":17,"id":69,"possibleTypes":[],"argumentIndex":2},{"parserTypeName":"CASTForStatement","code":"for (j=0;j<n;j++)","columnNumber":10,"order":2,"controlStructureType":"FOR","_label":"CONTROL_STRUCTURE","argumentIndex":-1,"lineNumber":18,"id":70},{"dynamicTypeHintFullName":[],"code":"<empty>","typeFullName":"void","columnNumber":10,"order":1,"_label":"BLOCK","lineNumber":18,"id":71,"possibleTypes":[],"argumentIndex":-1},{"name":"<operator>.assignment","signature":"","code":"j=0","typeFullName":"<empty>","columnNumber":14,"order":1,"methodFullName":"<operator>.assignment","_label":"CALL","dynamicTypeHintFullName":[],"dispatchType":"STATIC_DISPATCH","lineNumber":18,"id":72,"possibleTypes":[],"argumentIndex":-1},{"dynamicTypeHintFullName":[],"name":"j","code":"j","typeFullName":"int","columnNumber":14,"order":1,"_label":"IDENTIFIER","lineNumber":18,"id":73,"possibleTypes":[],"argumentIndex":1},{"dynamicTypeHintFullName":[],"code":"0","typeFullName":"int","columnNumber":16,"order":2,"_label":"LITERAL","lineNumber":18,"id":74,"possibleTypes":[],"argumentIndex":2},{"name":"<operator>.lessThan","signature":"","code":"j<n","typeFullName":"<empty>","columnNumber":18,"order":2,"methodFullName":"<operator>.lessThan","_label":"CALL","dynamicTypeHintFullName":[],"dispatchType":"STATIC_DISPATCH","lineNumber":18,"id":75,"possibleTypes":[],"argumentIndex":2},{"dynamicTypeHintFullName":[],"name":"j","code":"j","typeFullName":"int","columnNumber":18,"order":1,"_label":"IDENTIFIER","lineNumber":18,"id":76,"possibleTypes":[],"argumentIndex":1},{"dynamicTypeHintFullName":[],"name":"n","code":"n","typeFullName":"int","columnNumber":20,"order":2,"_label":"IDENTIFIER","lineNumber":18,"id":77,"possibleTypes":[],"argumentIndex":2},{"name":"<operator>.postIncrement","signature":"","code":"j++","typeFullName":"<empty>","columnNumber":22,"order":3,"methodFullName":"<operator>.postIncrement","_label":"CALL","dynamicTypeHintFullName":[],"dispatchType":"STATIC_DISPATCH","lineNumber":18,"id":78,"possibleTypes":[],"argumentIndex":3},{"dynamicTypeHintFullName":[],"name":"j","code":"j","typeFullName":"int","columnNumber":22,"order":1,"_label":"IDENTIFIER","lineNumber":18,"id":79,"possibleTypes":[],"argumentIndex":1},{"dynamicTypeHintFullName":[],"code":"{\n\t            if(arr[m]==arr[j])\n\t              cnt++;\n\t        }","typeFullName":"void","columnNumber":10,"order":4,"_label":"BLOCK","lineNumber":19,"id":80,"possibleTypes":[],"argumentIndex":4},{"parserTypeName":"CASTIfStatement","code":"if (arr[m]==arr[j])","columnNumber":14,"order":1,"controlStructureType":"IF","_label":"CONTROL_STRUCTURE","argumentIndex":-1,"lineNumber":20,"id":81},{"name":"<operator>.equals","signature":"","code":"arr[m]==arr[j]","typeFullName":"<empty>","columnNumber":17,"order":1,"methodFullName":"<operator>.equals","_label":"CALL","dynamicTypeHintFullName":[],"dispatchType":"STATIC_DISPATCH","lineNumber":20,"id":82,"possibleTypes":[],"argumentIndex":-1},{"name":"<operator>.indirectIndexAccess","signature":"","code":"arr[m]","typeFullName":"<empty>","columnNumber":17,"order":1,"methodFullName":"<operator>.indirectIndexAccess","_label":"CALL","dynamicTypeHintFullName":[],"dispatchType":"STATIC_DISPATCH","lineNumber":20,"id":83,"possibleTypes":[],"argumentIndex":1},{"dynamicTypeHintFullName":[],"name":"arr","code":"arr","typeFullName":"int[]","columnNumber":17,"order":1,"_label":"IDENTIFIER","lineNumber":20,"id":84,"possibleTypes":[],"argumentIndex":1},{"dynamicTypeHintFullName":[],"name":"m","code":"m","typeFullName":"int","columnNumber":21,"order":2,"_label":"IDENTIFIER","lineNumber":20,"id":85,"possibleTypes":[],"argumentIndex":2},{"name":"<operator>.indirectIndexAccess","signature":"","code":"arr[j]","typeFullName":"<empty>","columnNumber":25,"order":2,"methodFullName":"<operator>.indirectIndexAccess","_label":"CALL","dynamicTypeHintFullName":[],"dispatchType":"STATIC_DISPATCH","lineNumber":20,"id":86,"possibleTypes":[],"argumentIndex":2},{"dynamicTypeHintFullName":[],"name":"arr","code":"arr","typeFullName":"int[]","columnNumber":25,"order":1,"_label":"IDENTIFIER","lineNumber":20,"id":87,"possibleTypes":[],"argumentIndex":1},{"dynamicTypeHintFullName":[],"name":"j","code":"j","typeFullName":"int","columnNumber":29,"order":2,"_label":"IDENTIFIER","lineNumber":20,"id":88,"possibleTypes":[],"argumentIndex":2},{"dynamicTypeHintFullName":[],"code":"<empty>","typeFullName":"void","columnNumber":16,"order":2,"_label":"BLOCK","lineNumber":21,"id":89,"possibleTypes":[],"argumentIndex":-1},{"name":"<operator>.postIncrement","signature":"","code":"cnt++","typeFullName":"<empty>","columnNumber":16,"order":1,"methodFullName":"<operator>.postIncrement","_label":"CALL","dynamicTypeHintFullName":[],"dispatchType":"STATIC_DISPATCH","lineNumber":21,"id":90,"possibleTypes":[],"argumentIndex":1},{"dynamicTypeHintFullName":[],"name":"cnt","code":"cnt","typeFullName":"int","columnNumber":16,"order":1,"_label":"IDENTIFIER","lineNumber":21,"id":91,"possibleTypes":[],"argumentIndex":1},{"name":"<operator>.assignment","signature":"","code":"b[m]=cnt","typeFullName":"<empty>","columnNumber":10,"order":3,"methodFullName":"<operator>.assignment","_label":"CALL","dynamicTypeHintFullName":[],"dispatchType":"STATIC_DISPATCH","lineNumber":23,"id":92,"possibleTypes":[],"argumentIndex":-1},{"name":"<operator>.indirectIndexAccess","signature":"","code":"b[m]","typeFullName":"<empty>","columnNumber":10,"order":1,"methodFullName":"<operator>.indirectIndexAccess","_label":"CALL","dynamicTypeHintFullName":[],"dispatchType":"STATIC_DISPATCH","lineNumber":23,"id":93,"possibleTypes":[],"argumentIndex":1},{"dynamicTypeHintFullName":[],"name":"b","code":"b","typeFullName":"int[]","columnNumber":10,"order":1,"_label":"IDENTIFIER","lineNumber":23,"id":94,"possibleTypes":[],"argumentIndex":1},{"dynamicTypeHintFullName":[],"name":"m","code":"m","typeFullName":"int","columnNumber":12,"order":2,"_label":"IDENTIFIER","lineNumber":23,"id":95,"possibleTypes":[],"argumentIndex":2},{"dynamicTypeHintFullName":[],"name":"cnt","code":"cnt","typeFullName":"int","columnNumber":15,"order":2,"_label":"IDENTIFIER","lineNumber":23,"id":96,"possibleTypes":[],"argumentIndex":2},{"parserTypeName":"CASTForStatement","code":"for (m=0;m<n;m++)","columnNumber":6,"order":6,"controlStructureType":"FOR","_label":"CONTROL_STRUCTURE","argumentIndex":-1,"lineNumber":25,"id":97},{"dynamicTypeHintFullName":[],"code":"<empty>","typeFullName":"void","columnNumber":6,"order":1,"_label":"BLOCK","lineNumber":25,"id":98,"possibleTypes":[],"argumentIndex":-1},{"name":"<operator>.assignment","signature":"","code":"m=0","typeFullName":"<empty>","columnNumber":10,"order":1,"methodFullName":"<operator>.assignment","_label":"CALL","dynamicTypeHintFullName":[],"dispatchType":"STATIC_DISPATCH","lineNumber":25,"id":99,"possibleTypes":[],"argumentIndex":-1},{"dynamicTypeHintFullName":[],"name":"m","code":"m","typeFullName":"int","columnNumber":10,"order":1,"_label":"IDENTIFIER","lineNumber":25,"id":100,"possibleTypes":[],"argumentIndex":1},{"dynamicTypeHintFullName":[],"code":"0","typeFullName":"int","columnNumber":12,"order":2,"_label":"LITERAL","lineNumber":25,"id":101,"possibleTypes":[],"argumentIndex":2},{"name":"<operator>.lessThan","signature":"","code":"m<n","typeFullName":"<empty>","columnNumber":14,"order":2,"methodFullName":"<operator>.lessThan","_label":"CALL","dynamicTypeHintFullName":[],"dispatchType":"STATIC_DISPATCH","lineNumber":25,"id":102,"possibleTypes":[],"argumentIndex":2},{"dynamicTypeHintFullName":[],"name":"m","code":"m","typeFullName":"int","columnNumber":14,"order":1,"_label":"IDENTIFIER","lineNumber":25,"id":103,"possibleTypes":[],"argumentIndex":1},{"dynamicTypeHintFullName":[],"name":"n","code":"n","typeFullName":"int","columnNumber":16,"order":2,"_label":"IDENTIFIER","lineNumber":25,"id":104,"possibleTypes":[],"argumentIndex":2},{"name":"<operator>.postIncrement","signature":"","code":"m++","typeFullName":"<empty>","columnNumber":18,"order":3,"methodFullName":"<operator>.postIncrement","_label":"CALL","dynamicTypeHintFullName":[],"dispatchType":"STATIC_DISPATCH","lineNumber":25,"id":105,"possibleTypes":[],"argumentIndex":3},{"dynamicTypeHintFullName":[],"name":"m","code":"m","typeFullName":"int","columnNumber":18,"order":1,"_label":"IDENTIFIER","lineNumber":25,"id":106,"possibleTypes":[],"argumentIndex":1},{"dynamicTypeHintFullName":[],"code":"{\n\t        if((b[m]%2)!=0)\n\t        {\n\t          printf(\"%d\\n\",arr[m]);\n\t          break;\n\t        }\n\t    }","typeFullName":"void","columnNumber":6,"order":4,"_label":"BLOCK","lineNumber":26,"id":107,"possibleTypes":[],"argumentIndex":4},{"parserTypeName":"CASTIfStatement","code":"if ((b[m]%2)!=0)","columnNumber":10,"order":1,"controlStructureType":"IF","_label":"CONTROL_STRUCTURE","argumentIndex":-1,"lineNumber":27,"id":108},{"name":"<operator>.notEquals","signature":"","code":"(b[m]%2)!=0","typeFullName":"<empty>","columnNumber":13,"order":1,"methodFullName":"<operator>.notEquals","_label":"CALL","dynamicTypeHintFullName":[],"dispatchType":"STATIC_DISPATCH","lineNumber":27,"id":109,"possibleTypes":[],"argumentIndex":-1},{"name":"<operator>.modulo","signature":"","code":"b[m]%2","typeFullName":"<empty>","columnNumber":14,"order":1,"methodFullName":"<operator>.modulo","_label":"CALL","dynamicTypeHintFullName":[],"dispatchType":"STATIC_DISPATCH","lineNumber":27,"id":110,"possibleTypes":[],"argumentIndex":1},{"name":"<operator>.indirectIndexAccess","signature":"","code":"b[m]","typeFullName":"<empty>","columnNumber":14,"order":1,"methodFullName":"<operator>.indirectIndexAccess","_label":"CALL","dynamicTypeHintFullName":[],"dispatchType":"STATIC_DISPATCH","lineNumber":27,"id":111,"possibleTypes":[],"argumentIndex":1},{"dynamicTypeHintFullName":[],"name":"b","code":"b","typeFullName":"int[]","columnNumber":14,"order":1,"_label":"IDENTIFIER","lineNumber":27,"id":112,"possibleTypes":[],"argumentIndex":1},{"dynamicTypeHintFullName":[],"name":"m","code":"m","typeFullName":"int","columnNumber":16,"order":2,"_label":"IDENTIFIER","lineNumber":27,"id":113,"possibleTypes":[],"argumentIndex":2},{"dynamicTypeHintFullName":[],"code":"2","typeFullName":"int","columnNumber":19,"order":2,"_label":"LITERAL","lineNumber":27,"id":114,"possibleTypes":[],"argumentIndex":2},{"dynamicTypeHintFullName":[],"code":"0","typeFullName":"int","columnNumber":23,"order":2,"_label":"LITERAL","lineNumber":27,"id":115,"possibleTypes":[],"argumentIndex":2},{"dynamicTypeHintFullName":[],"code":"{\n\t          printf(\"%d\\n\",arr[m]);\n\t          break;\n\t        }","typeFullName":"void","columnNumber":10,"order":2,"_label":"BLOCK","lineNumber":28,"id":116,"possibleTypes":[],"argumentIndex":-1},{"name":"printf","signature":"","code":"printf(\"%d\\n\",arr[m])","typeFullName":"<empty>","columnNumber":12,"order":1,"methodFullName":"printf","_label":"CALL","dynamicTypeHintFullName":[],"dispatchType":"STATIC_DISPATCH","lineNumber":29,"id":117,"possibleTypes":[],"argumentIndex":-1},{"dynamicTypeHintFullName":[],"code":"\"%d\\n\"","typeFullName":"char","columnNumber":19,"order":1,"_label":"LITERAL","lineNumber":29,"id":118,"possibleTypes":[],"argumentIndex":1},{"name":"<operator>.indirectIndexAccess","signature":"","code":"arr[m]","typeFullName":"<empty>","columnNumber":26,"order":2,"methodFullName":"<operator>.indirectIndexAccess","_label":"CALL","dynamicTypeHintFullName":[],"dispatchType":"STATIC_DISPATCH","lineNumber":29,"id":119,"possibleTypes":[],"argumentIndex":2},{"dynamicTypeHintFullName":[],"name":"arr","code":"arr","typeFullName":"int[]","columnNumber":26,"order":1,"_label":"IDENTIFIER","lineNumber":29,"id":120,"possibleTypes":[],"argumentIndex":1},{"dynamicTypeHintFullName":[],"name":"m","code":"m","typeFullName":"int","columnNumber":30,"order":2,"_label":"IDENTIFIER","lineNumber":29,"id":121,"possibleTypes":[],"argumentIndex":2},{"parserTypeName":"CASTBreakStatement","code":"break;","columnNumber":12,"order":2,"controlStructureType":"BREAK","_label":"CONTROL_STRUCTURE","argumentIndex":-1,"lineNumber":30,"id":122},{"code":"return 0;","columnNumber":2,"order":9,"_label":"RETURN","argumentIndex":-1,"lineNumber":35,"id":123},{"dynamicTypeHintFullName":[],"code":"0","typeFullName":"int","columnNumber":9,"order":1,"_label":"LITERAL","lineNumber":35,"id":124,"possibleTypes":[],"argumentIndex":-1},{"dynamicTypeHintFullName":[],"evaluationStrategy":"BY_VALUE","code":"RET","typeFullName":"int","columnNumber":1,"order":3,"_label":"METHOD_RETURN","possibleTypes":[],"lineNumber":3,"id":125},{"name":"main","signature":"int main (void)","id":126,"methodFullName":"main","_label":"BINDING"},{"dynamicTypeHintFullName":[],"evaluationStrategy":"BY_VALUE","code":"RET","typeFullName":"ANY","columnNumber":1,"order":2,"_label":"METHOD_RETURN","possibleTypes":[],"lineNumber":1,"id":127},{"name":"ANY","fullName":"ANY","typeDeclFullName":"ANY","id":128,"_label":"TYPE"},{"name":"char","fullName":"char","typeDeclFullName":"char","id":129,"_label":"TYPE"},{"name":"int","fullName":"int","typeDeclFullName":"int","id":130,"_label":"TYPE"},{"name":"int[]","fullName":"int[]","typeDeclFullName":"int[]","id":131,"_label":"TYPE"},{"name":"void","fullName":"void","typeDeclFullName":"void","id":132,"_label":"TYPE"},{"inheritsFromTypeFullName":[],"name":"ANY","astParentFullName":"<includes>:<global>","fullName":"ANY","astParentType":"NAMESPACE_BLOCK","_label":"TYPE_DECL","code":"ANY","isExternal":true,"id":133,"order":-1,"filename":"<includes>"},{"inheritsFromTypeFullName":[],"name":"char","astParentFullName":"<includes>:<global>","fullName":"char","astParentType":"NAMESPACE_BLOCK","_label":"TYPE_DECL","code":"char","isExternal":true,"id":134,"order":-1,"filename":"<includes>"},{"inheritsFromTypeFullName":[],"name":"int","astParentFullName":"<includes>:<global>","fullName":"int","astParentType":"NAMESPACE_BLOCK","_label":"TYPE_DECL","code":"int","isExternal":true,"id":135,"order":-1,"filename":"<includes>"},{"inheritsFromTypeFullName":[],"name":"int[]","astParentFullName":"<includes>:<global>","fullName":"int[]","astParentType":"NAMESPACE_BLOCK","_label":"TYPE_DECL","code":"int[]","isExternal":true,"id":136,"order":-1,"filename":"<includes>"},{"inheritsFromTypeFullName":[],"name":"void","astParentFullName":"<includes>:<global>","fullName":"void","astParentType":"NAMESPACE_BLOCK","_label":"TYPE_DECL","code":"void","isExternal":true,"id":137,"order":-1,"filename":"<includes>"},{"name":"<includes>","code":"<empty>","order":1,"content":"<empty>","_label":"FILE","id":138},{"name":"<global>","fullName":"<includes>:<global>","code":"<empty>","_label":"NAMESPACE_BLOCK","id":139,"order":1,"filename":"<includes>"},{"name":"<global>","astParentFullName":"<includes>:<global>","fullName":"<includes>:<global>","signature":"","astParentType":"NAMESPACE_BLOCK","_label":"METHOD","code":"<global>","isExternal":false,"lineNumber":1,"id":140,"order":1,"filename":"<includes>"},{"dynamicTypeHintFullName":[],"code":"<empty>","typeFullName":"ANY","order":1,"_label":"BLOCK","id":141,"possibleTypes":[],"argumentIndex":-1},{"dynamicTypeHintFullName":[],"evaluationStrategy":"BY_VALUE","code":"RET","typeFullName":"ANY","order":2,"_label":"METHOD_RETURN","possibleTypes":[],"id":142},{"name":"<unknown>","code":"<empty>","order":0,"content":"<empty>","_label":"FILE","id":144},{"name":"c.c","code":"<empty>","order":0,"content":"<empty>","_label":"FILE","id":145},{"name":"<global>","code":"<empty>","order":-1,"_label":"NAMESPACE","id":146},{"name":"scanf","astParentFullName":"<global>","fullName":"scanf","signature":"","astParentType":"NAMESPACE_BLOCK","_label":"METHOD","code":"<empty>","isExternal":true,"id":147,"order":0,"filename":"<empty>"},{"dynamicTypeHintFullName":[],"name":"p1","evaluationStrategy":"BY_VALUE","isVariadic":false,"typeFullName":"ANY","order":1,"_label":"METHOD_PARAMETER_IN","possibleTypes":[],"index":1,"code":"p1","id":148},{"dynamicTypeHintFullName":[],"name":"p2","evaluationStrategy":"BY_VALUE","isVariadic":false,"typeFullName":"ANY","order":2,"_label":"METHOD_PARAMETER_IN","possibleTypes":[],"index":2,"code":"p2","id":149},{"dynamicTypeHintFullName":[],"code":"<empty>","typeFullName":"ANY","order":1,"_label":"BLOCK","id":150,"possibleTypes":[],"argumentIndex":1},{"dynamicTypeHintFullName":[],"evaluationStrategy":"BY_VALUE","code":"RET","typeFullName":"ANY","order":2,"_label":"METHOD_RETURN","possibleTypes":[],"id":151},{"name":"<operator>.addressOf","astParentFullName":"<global>","fullName":"<operator>.addressOf","signature":"","astParentType":"NAMESPACE_BLOCK","_label":"METHOD","code":"<empty>","isExternal":true,"id":152,"order":0,"filename":"<empty>"},{"dynamicTypeHintFullName":[],"name":"p1","evaluationStrategy":"BY_VALUE","isVariadic":false,"typeFullName":"ANY","order":1,"_label":"METHOD_PARAMETER_IN","possibleTypes":[],"index":1,"code":"p1","id":153},{"dynamicTypeHintFullName":[],"code":"<empty>","typeFullName":"ANY","order":1,"_label":"BLOCK","id":154,"possibleTypes":[],"argumentIndex":1},{"dynamicTypeHintFullName":[],"evaluationStrategy":"BY_VALUE","code":"RET","typeFullName":"ANY","order":2,"_label":"METHOD_RETURN","possibleTypes":[],"id":155},{"name":"<operator>.assignment","astParentFullName":"<global>","fullName":"<operator>.assignment","signature":"","astParentType":"NAMESPACE_BLOCK","_label":"METHOD","code":"<empty>","isExternal":true,"id":156,"order":0,"filename":"<empty>"},{"dynamicTypeHintFullName":[],"name":"p1","evaluationStrategy":"BY_VALUE","isVariadic":false,"typeFullName":"ANY","order":1,"_label":"METHOD_PARAMETER_IN","possibleTypes":[],"index":1,"code":"p1","id":157},{"dynamicTypeHintFullName":[],"name":"p2","evaluationStrategy":"BY_VALUE","isVariadic":false,"typeFullName":"ANY","order":2,"_label":"METHOD_PARAMETER_IN","possibleTypes":[],"index":2,"code":"p2","id":158},{"dynamicTypeHintFullName":[],"code":"<empty>","typeFullName":"ANY","order":1,"_label":"BLOCK","id":159,"possibleTypes":[],"argumentIndex":1},{"dynamicTypeHintFullName":[],"evaluationStrategy":"BY_VALUE","code":"RET","typeFullName":"ANY","order":2,"_label":"METHOD_RETURN","possibleTypes":[],"id":160},{"name":"<operator>.lessThan","astParentFullName":"<global>","fullName":"<operator>.lessThan","signature":"","astParentType":"NAMESPACE_BLOCK","_label":"METHOD","code":"<empty>","isExternal":true,"id":161,"order":0,"filename":"<empty>"},{"dynamicTypeHintFullName":[],"name":"p1","evaluationStrategy":"BY_VALUE","isVariadic":false,"typeFullName":"ANY","order":1,"_label":"METHOD_PARAMETER_IN","possibleTypes":[],"index":1,"code":"p1","id":162},{"dynamicTypeHintFullName":[],"name":"p2","evaluationStrategy":"BY_VALUE","isVariadic":false,"typeFullName":"ANY","order":2,"_label":"METHOD_PARAMETER_IN","possibleTypes":[],"index":2,"code":"p2","id":163},{"dynamicTypeHintFullName":[],"code":"<empty>","typeFullName":"ANY","order":1,"_label":"BLOCK","id":164,"possibleTypes":[],"argumentIndex":1},{"dynamicTypeHintFullName":[],"evaluationStrategy":"BY_VALUE","code":"RET","typeFullName":"ANY","order":2,"_label":"METHOD_RETURN","possibleTypes":[],"id":165},{"name":"<operator>.postIncrement","astParentFullName":"<global>","fullName":"<operator>.postIncrement","signature":"","astParentType":"NAMESPACE_BLOCK","_label":"METHOD","code":"<empty>","isExternal":true,"id":166,"order":0,"filename":"<empty>"},{"dynamicTypeHintFullName":[],"name":"p1","evaluationStrategy":"BY_VALUE","isVariadic":false,"typeFullName":"ANY","order":1,"_label":"METHOD_PARAMETER_IN","possibleTypes":[],"index":1,"code":"p1","id":167},{"dynamicTypeHintFullName":[],"code":"<empty>","typeFullName":"ANY","order":1,"_label":"BLOCK","id":168,"possibleTypes":[],"argumentIndex":1},{"dynamicTypeHintFullName":[],"evaluationStrategy":"BY_VALUE","code":"RET","typeFullName":"ANY","order":2,"_label":"METHOD_RETURN","possibleTypes":[],"id":169},{"name":"<operator>.indirectIndexAccess","astParentFullName":"<global>","fullName":"<operator>.indirectIndexAccess","signature":"","astParentType":"NAMESPACE_BLOCK","_label":"METHOD","code":"<empty>","isExternal":true,"id":170,"order":0,"filename":"<empty>"},{"dynamicTypeHintFullName":[],"name":"p1","evaluationStrategy":"BY_VALUE","isVariadic":false,"typeFullName":"ANY","order":1,"_label":"METHOD_PARAMETER_IN","possibleTypes":[],"index":1,"code":"p1","id":171},{"dynamicTypeHintFullName":[],"name":"p2","evaluationStrategy":"BY_VALUE","isVariadic":false,"typeFullName":"ANY","order":2,"_label":"METHOD_PARAMETER_IN","possibleTypes":[],"index":2,"code":"p2","id":172},{"dynamicTypeHintFullName":[],"code":"<empty>","typeFullName":"ANY","order":1,"_label":"BLOCK","id":173,"possibleTypes":[],"argumentIndex":1},{"dynamicTypeHintFullName":[],"evaluationStrategy":"BY_VALUE","code":"RET","typeFullName":"ANY","order":2,"_label":"METHOD_RETURN","possibleTypes":[],"id":174},{"name":"<operator>.equals","astParentFullName":"<global>","fullName":"<operator>.equals","signature":"","astParentType":"NAMESPACE_BLOCK","_label":"METHOD","code":"<empty>","isExternal":true,"id":175,"order":0,"filename":"<empty>"},{"dynamicTypeHintFullName":[],"name":"p1","evaluationStrategy":"BY_VALUE","isVariadic":false,"typeFullName":"ANY","order":1,"_label":"METHOD_PARAMETER_IN","possibleTypes":[],"index":1,"code":"p1","id":176},{"dynamicTypeHintFullName":[],"name":"p2","evaluationStrategy":"BY_VALUE","isVariadic":false,"typeFullName":"ANY","order":2,"_label":"METHOD_PARAMETER_IN","possibleTypes":[],"index":2,"code":"p2","id":177},{"dynamicTypeHintFullName":[],"code":"<empty>","typeFullName":"ANY","order":1,"_label":"BLOCK","id":178,"possibleTypes":[],"argumentIndex":1},{"dynamicTypeHintFullName":[],"evaluationStrategy":"BY_VALUE","code":"RET","typeFullName":"ANY","order":2,"_label":"METHOD_RETURN","possibleTypes":[],"id":179},{"name":"<operator>.notEquals","astParentFullName":"<global>","fullName":"<operator>.notEquals","signature":"","astParentType":"NAMESPACE_BLOCK","_label":"METHOD","code":"<empty>","isExternal":true,"id":180,"order":0,"filename":"<empty>"},{"dynamicTypeHintFullName":[],"name":"p1","evaluationStrategy":"BY_VALUE","isVariadic":false,"typeFullName":"ANY","order":1,"_label":"METHOD_PARAMETER_IN","possibleTypes":[],"index":1,"code":"p1","id":181},{"dynamicTypeHintFullName":[],"name":"p2","evaluationStrategy":"BY_VALUE","isVariadic":false,"typeFullName":"ANY","order":2,"_label":"METHOD_PARAMETER_IN","possibleTypes":[],"index":2,"code":"p2","id":182},{"dynamicTypeHintFullName":[],"code":"<empty>","typeFullName":"ANY","order":1,"_label":"BLOCK","id":183,"possibleTypes":[],"argumentIndex":1},{"dynamicTypeHintFullName":[],"evaluationStrategy":"BY_VALUE","code":"RET","typeFullName":"ANY","order":2,"_label":"METHOD_RETURN","possibleTypes":[],"id":184},{"name":"<operator>.modulo","astParentFullName":"<global>","fullName":"<operator>.modulo","signature":"","astParentType":"NAMESPACE_BLOCK","_label":"METHOD","code":"<empty>","isExternal":true,"id":185,"order":0,"filename":"<empty>"},{"dynamicTypeHintFullName":[],"name":"p1","evaluationStrategy":"BY_VALUE","isVariadic":false,"typeFullName":"ANY","order":1,"_label":"METHOD_PARAMETER_IN","possibleTypes":[],"index":1,"code":"p1","id":186},{"dynamicTypeHintFullName":[],"name":"p2","evaluationStrategy":"BY_VALUE","isVariadic":false,"typeFullName":"ANY","order":2,"_label":"METHOD_PARAMETER_IN","possibleTypes":[],"index":2,"code":"p2","id":187},{"dynamicTypeHintFullName":[],"code":"<empty>","typeFullName":"ANY","order":1,"_label":"BLOCK","id":188,"possibleTypes":[],"argumentIndex":1},{"dynamicTypeHintFullName":[],"evaluationStrategy":"BY_VALUE","code":"RET","typeFullName":"ANY","order":2,"_label":"METHOD_RETURN","possibleTypes":[],"id":189},{"name":"printf","astParentFullName":"<global>","fullName":"printf","signature":"","astParentType":"NAMESPACE_BLOCK","_label":"METHOD","code":"<empty>","isExternal":true,"id":190,"order":0,"filename":"<empty>"},{"dynamicTypeHintFullName":[],"name":"p1","evaluationStrategy":"BY_VALUE","isVariadic":false,"typeFullName":"ANY","order":1,"_label":"METHOD_PARAMETER_IN","possibleTypes":[],"index":1,"code":"p1","id":191},{"dynamicTypeHintFullName":[],"name":"p2","evaluationStrategy":"BY_VALUE","isVariadic":false,"typeFullName":"ANY","order":2,"_label":"METHOD_PARAMETER_IN","possibleTypes":[],"index":2,"code":"p2","id":192},{"dynamicTypeHintFullName":[],"code":"<empty>","typeFullName":"ANY","order":1,"_label":"BLOCK","id":193,"possibleTypes":[],"argumentIndex":1},{"dynamicTypeHintFullName":[],"evaluationStrategy":"BY_VALUE","code":"RET","typeFullName":"ANY","order":2,"_label":"METHOD_RETURN","possibleTypes":[],"id":194},{"name":"","evaluationStrategy":"BY_VALUE","isVariadic":false,"code":"void","typeFullName":"void","columnNumber":10,"order":1,"_label":"METHOD_PARAMETER_OUT","index":1,"lineNumber":3,"id":195},{"name":"p1","evaluationStrategy":"BY_VALUE","isVariadic":false,"code":"p1","typeFullName":"ANY","order":1,"_label":"METHOD_PARAMETER_OUT","index":1,"id":196},{"name":"p2","evaluationStrategy":"BY_VALUE","isVariadic":false,"code":"p2","typeFullName":"ANY","order":2,"_label":"METHOD_PARAMETER_OUT","index":2,"id":197},{"name":"p1","evaluationStrategy":"BY_VALUE","isVariadic":false,"code":"p1","typeFullName":"ANY","order":1,"_label":"METHOD_PARAMETER_OUT","index":1,"id":198},{"name":"p1","evaluationStrategy":"BY_VALUE","isVariadic":false,"code":"p1","typeFullName":"ANY","order":1,"_label":"METHOD_PARAMETER_OUT","index":1,"id":199},{"name":"p2","evaluationStrategy":"BY_VALUE","isVariadic":false,"code":"p2","typeFullName":"ANY","order":2,"_label":"METHOD_PARAMETER_OUT","index":2,"id":200},{"name":"p1","evaluationStrategy":"BY_VALUE","isVariadic":false,"code":"p1","typeFullName":"ANY","order":1,"_label":"METHOD_PARAMETER_OUT","index":1,"id":201},{"name":"p2","evaluationStrategy":"BY_VALUE","isVariadic":false,"code":"p2","typeFullName":"ANY","order":2,"_label":"METHOD_PARAMETER_OUT","index":2,"id":202},{"name":"p1","evaluationStrategy":"BY_VALUE","isVariadic":false,"code":"p1","typeFullName":"ANY","order":1,"_label":"METHOD_PARAMETER_OUT","index":1,"id":203},{"name":"p1","evaluationStrategy":"BY_VALUE","isVariadic":false,"code":"p1","typeFullName":"ANY","order":1,"_label":"METHOD_PARAMETER_OUT","index":1,"id":204},{"name":"p2","evaluationStrategy":"BY_VALUE","isVariadic":false,"code":"p2","typeFullName":"ANY","order":2,"_label":"METHOD_PARAMETER_OUT","index":2,"id":205},{"name":"p1","evaluationStrategy":"BY_VALUE","isVariadic":false,"code":"p1","typeFullName":"ANY","order":1,"_label":"METHOD_PARAMETER_OUT","index":1,"id":206},{"name":"p2","evaluationStrategy":"BY_VALUE","isVariadic":false,"code":"p2","typeFullName":"ANY","order":2,"_label":"METHOD_PARAMETER_OUT","index":2,"id":207},{"name":"p1","evaluationStrategy":"BY_VALUE","isVariadic":false,"code":"p1","typeFullName":"ANY","order":1,"_label":"METHOD_PARAMETER_OUT","index":1,"id":208},{"name":"p2","evaluationStrategy":"BY_VALUE","isVariadic":false,"code":"p2","typeFullName":"ANY","order":2,"_label":"METHOD_PARAMETER_OUT","index":2,"id":209},{"name":"p1","evaluationStrategy":"BY_VALUE","isVariadic":false,"code":"p1","typeFullName":"ANY","order":1,"_label":"METHOD_PARAMETER_OUT","index":1,"id":210},{"name":"p2","evaluationStrategy":"BY_VALUE","isVariadic":false,"code":"p2","typeFullName":"ANY","order":2,"_label":"METHOD_PARAMETER_OUT","index":2,"id":211},{"name":"p1","evaluationStrategy":"BY_VALUE","isVariadic":false,"code":"p1","typeFullName":"ANY","order":1,"_label":"METHOD_PARAMETER_OUT","index":1,"id":212},{"name":"p2","evaluationStrategy":"BY_VALUE","isVariadic":false,"code":"p2","typeFullName":"ANY","order":2,"_label":"METHOD_PARAMETER_OUT","index":2,"id":213}]
