{"time": 0.42608213424682617, "alignment": ["95 95", "99 99", "110 110", "23 23", "27 27", "35 35", "39 39", "47 47", "51 51", "59 59", "63 63", "71 71", "75 75", "83 83", "87 87", "102 102", "105 105", "106 106", "115 115", "122 122", "126 128"], "symb_wrong": 22, "symb_correct": 23, "loc_wrong": 35, "loc_correct": 36, "precision": 1.0, "recall": 1.0, "f_score": 1.0, "not_aligned": [], "false_aligned": [], "feedback": "\nShould have\nsrc: 21:             res = mid;\tvalue: res=2, mid=2\texecution: 1th\n\nShould print\nWhen '32:     printf(\"%d\", res);' at 1th execution, you should have output 2, instead of -1."}