{"time": 0.5517594814300537, "alignment": ["96 96", "100 100", "109 109", "114 114", "132 147", "137 152", "177 214", "182 219", "222 281", "227 286", "28 28", "32 32", "45 45", "49 49", "62 62", "66 66", "79 79", "83 83", "104 104", "108 108", "129 129", "152 167", "165 180", "174 211", "197 234", "210 247", "219 278", "231 290"], "symb_wrong": 29, "symb_correct": 34, "loc_wrong": 29, "loc_correct": 31, "feedback": "\nShould have\nsrc: 19:             maxId = logs[i + 1][0];\tvalue: maxId=1, logs[i + 1][0]=1, i=2\texecution: 2th\n\nShould print\nWhen '26:     printf(\"%d\", maxId);' at 1th execution, you should have output 1, instead of 0."}