{"time": 0.2594573497772217, "alignment": ["98 103", "102 107", "103 108", "107 112", "110 115", "114 119", "216 222", "220 226", "230 311", "234 315", "258 507", "262 511", "265 514", "269 518", "272 521", "276 525", "286 542", "290 546", "300 647", "304 651", "314 722", "318 726", "321 729", "325 733", "328 736", "332 740", "342 750", "346 754", "356 764", "360 768", "363 771", "367 775", "370 778", "374 782", "384 792", "388 796", "391 799", "395 803", "398 806", "402 810", "405 813", "409 817", "416 824", "418 826", "29 34", "31 36", "38 43", "42 47", "50 55", "54 59", "62 67", "66 71", "74 79", "78 83", "86 91", "90 95"], "symb_wrong": 80, "symb_correct": 132, "loc_wrong": 34, "loc_correct": 37, "precision": 1.0, "recall": 0.8615384615384616, "f_score": 0.9256198347107438, "not_aligned": ["37 42", "144 158", "156 170", "168 182", "180 194", "182 196", "195 200", "244 402", "248 406"], "false_aligned": [], "feedback": "Should not\nsrc: 25: \t\t\t\tif(rd_t[i]<t && rd_t[j]<t){\tvalue: 1\texecution: 1th\nsrc: 25: \t\t\t\tif(rd_t[i]<t && rd_t[j]<t){\tvalue: 1\texecution: 1th\nsrc: 9: \tif(b==0) return a;\tvalue: 0\texecution: 1th\nsrc: 9: \tif(b==0) return a;\tvalue: =1, a=1\texecution: 1th\nsrc: 26: \t\t\t\t\tgcd=hcf(rd_t[i],rd_t[j]);\tvalue: gcd=1, =1\texecution: 1th\nsrc: 27: \t\t\t\t\tlcm=(rd_t[i]*rd_t[j])/gcd;\tvalue: lcm=0, rd_t[i]=2, i=0, rd_t[j]=3, j=1, gcd=1\texecution: 1th\nsrc: 28: \t\t\t\t\tif(lcm<t) t=lcm;\tvalue: 1\texecution: 1th\nsrc: 28: \t\t\t\t\tif(lcm<t) t=lcm;\tvalue: t=0, lcm=0\texecution: 1th\n\nShould have\nsrc: 30:                     if(a[i]>min||a[j]>min) continue;\tvalue: 0\texecution: 7th\nsrc: 30:                     if(a[i]>min||a[j]>min) continue;\tvalue: 0\texecution: 7th\nsrc: 11:         if(b==0)\tvalue: 0\texecution: 19th\nsrc: 12:             return a;\tvalue: =3, a=3\texecution: 6th\nsrc: 14:             return hcf(b, a%b);\tvalue: =3, =3\texecution: 14th\nsrc: 31:                     lcm=((a[i]*a[j])/(hcf(a[i], a[j])));\tvalue: lcm=3, a[i]=3, i=1, a[j]=3, j=4, =3\texecution: 6th\nsrc: 32:                     if(min>lcm) min=lcm;\tvalue: 1\texecution: 6th\nsrc: 32:                     if(min>lcm) min=lcm;\tvalue: min=3, lcm=3\texecution: 3th\n\nShould print\nWhen '32: \t\tprintf(\"%llu\",t);' at 1th execution, you should have output 3.0, instead of 0.0."}
["168 158", "241 322", "283 532", "211 217", "311 658", "297 553", "255 413", "227 233", "244 393"],