{"time": 0.057893991470336914, "alignment": ["30 35", "34 39", "42 51", "46 55", "54 67", "58 71", "66 83", "70 87", "78 99", "82 103", "86 108", "90 115", "103 172", "111 240"], "symb_wrong": 19, "symb_correct": 55, "loc_wrong": 25, "loc_correct": 47, "precision": 0.7857142857142857, "recall": 1.0, "f_score": 0.88, "not_aligned": [], "false_aligned": ["86 108", "90 115", "111 240"], "feedback": "Should not\nsrc: 20: \t    pro=pro*arr[t-k];\tvalue: pro=2, pro=1, arr[t - k]=2, t=3, k=2\texecution: 1th\n\nShould have\nsrc: 28: \t  min = j;\tvalue: min=1, j=1\texecution: 1th\nsrc: 35: \t  d[i]=min;\tvalue: d[i]=1, i=3, min=1\texecution: 1th\nsrc: 40: \tp=a[n-1]; i=d[n-1];\tvalue: p=4, a[n - 1]=4, n=4\texecution: 1th\nsrc: 40: \tp=a[n-1]; i=d[n-1];\tvalue: i=1, d[n - 1]=1, n=4\texecution: 1th\nsrc: 41: \twhile(i>=0)\tvalue: 1\texecution: 1th\nsrc: 42: \t{ p *= a[i];\tvalue: p=8, p=4, a[i]=2, i=1\texecution: 1th\nsrc: 43: \t  i = d[i];\tvalue: i=0, d[i]=0, i=1\texecution: 1th\nsrc: 44: \t  p %= N;\tvalue: p=8, p=8\texecution: 1th\n\nShould print\nWhen '23: \tprintf(\"%d\",pro);' at 1th execution, you should have output 8.0, instead of 2."}